<beans xmlns="http://www.springframework.org/schema/beans"
    xmlns:xsi="http://www.w3.org/2001/XMLSchema-instance"
    xmlns:webflow="http://www.springframework.org/schema/webflow-config"
    xsi:schemaLocation="http://www.springframework.org/schema/beans
        http://www.springframework.org/schema/beans/spring-beans-2.5.xsd
        http://www.springframework.org/schema/webflow-config
        http://www.springframework.org/schema/webflow-config/spring-webflow-config-2.0.xsd">

    <bean name="/*"
        class="org.springframework.webflow.mvc.servlet.FlowController">
        <property name="flowExecutor" ref="flowExecutor" />
    </bean>

    <webflow:flow-executor id="flowExecutor">
        <webflow:flow-execution-listeners>
            <webflow:listener ref="securityFlowExecutionListener" />
            <webflow:listener ref="jpaFlowExecutionListener" />
        </webflow:flow-execution-listeners>
    </webflow:flow-executor>

    <webflow:flow-registry id="flowRegistry">
        <webflow:flow-location
            path="/WEB-INF/flows/welcome/welcome.xml" />
        <webflow:flow-location
            path="/WEB-INF/flows/bookSearch/bookSearch.xml" />
        <webflow:flow-location
            path="/WEB-INF/flows/bookDetails/bookDetails.xml" />
        <webflow:flow-location
            path="/WEB-INF/flows/borrowBook/borrowBook.xml" />
    </webflow:flow-registry>

    <bean id="securityFlowExecutionListener"
        class="org.springframework.webflow.security.SecurityFlowExecutionListener" />

    <bean id="jpaFlowExecutionListener"
        class="org.springframework.webflow.persistence.JpaFlowExecutionListener">
        <constructor-arg ref="entityManagerFactory" />
        <constructor-arg ref="transactionManager" />
    </bean>

    <bean id="bookCriteriaAction"
        class="org.springframework.webflow.action.FormAction">
        <property name="formObjectClass"
            value="com.apress.springrecipes.library.domain.BookCriteria" />
        <property name="propertyEditorRegistrar">
            <bean
                class="com.apress.springrecipes.library.web.PropertyEditors" />
        </property>
    </bean>

    <bean id="borrowBookAction"
        class="org.springframework.webflow.action.FormAction">
        <property name="formObjectClass"
            value="com.apress.springrecipes.library.domain.BorrowingRecord" />
        <property name="propertyEditorRegistrar">
            <bean
                class="com.apress.springrecipes.library.web.PropertyEditors" />
        </property>
    </bean>
</beans>
