<beans xmlns="http://www.springframework.org/schema/beans"
    xmlns:xsi="http://www.w3.org/2001/XMLSchema-instance"
    xmlns:tx="http://www.springframework.org/schema/tx"
    xsi:schemaLocation="http://www.springframework.org/schema/beans
        http://www.springframework.org/schema/beans/spring-beans-2.5.xsd
        http://www.springframework.org/schema/tx
        http://www.springframework.org/schema/tx/spring-tx-2.5.xsd">

    <tx:annotation-driven />

    <bean id="transactionManager"
        class="org.springframework.jms.connection.JmsTransactionManager">
        <property name="connectionFactory">
            <ref bean="connectionFactory" />
        </property>
    </bean>

    <bean id="connectionFactory"
        class="org.apache.activemq.ActiveMQConnectionFactory">
        <property name="brokerURL" value="tcp://localhost:61616" />
    </bean>

    <bean id="mailMessageConverter"
        class="com.apress.springrecipes.post.MailMessageConverter" />

    <bean id="jmsTemplate"
        class="org.springframework.jms.core.JmsTemplate">
        <property name="connectionFactory" ref="connectionFactory" />
        <property name="defaultDestinationName" value="mail.queue" />
        <property name="messageConverter" ref="mailMessageConverter" />
    </bean>

    <bean id="frontDesk"
        class="com.apress.springrecipes.post.FrontDeskImpl">
        <property name="jmsTemplate" ref="jmsTemplate" />
    </bean>
</beans>
