<flow xmlns="http://www.springframework.org/schema/webflow"
    xmlns:xsi="http://www.w3.org/2001/XMLSchema-instance"
    xsi:schemaLocation="http://www.springframework.org/schema/webflow
        http://www.springframework.org/schema/webflow/spring-webflow-2.0.xsd">

    <persistence-context />

    <view-state id="borrowForm">
        <on-render>
            <evaluate expression="borrowBookAction.setupForm" />
        </on-render>
        <transition on="proceed" to="borrowReview">
            <evaluate expression="borrowBookAction.bindAndValidate" />
        </transition>
        <transition on="cancel" to="cancel" />
    </view-state>

    <view-state id="borrowReview">
        <on-render>
            <evaluate expression="borrowBookAction.setupForm" />
        </on-render>
        <transition on="confirm" to="confirm">
            <evaluate expression="persistenceContext.persist(borrowingRecord)" />
        </transition>
        <transition on="revise" to="borrowForm" />
        <transition on="cancel" to="cancel" />
    </view-state>

    <end-state id="confirm" commit="true" />

    <end-state id="cancel" />
</flow>
