<beans xmlns="http://www.springframework.org/schema/beans"
    xmlns:xsi="http://www.w3.org/2001/XMLSchema-instance"
    xmlns:tx="http://www.springframework.org/schema/tx"
    xsi:schemaLocation="http://www.springframework.org/schema/beans
        http://www.springframework.org/schema/beans/spring-beans-2.5.xsd
        http://www.springframework.org/schema/tx
        http://www.springframework.org/schema/tx/spring-tx-2.5.xsd">

    <tx:annotation-driven />

    <bean id="transactionManager"
        class="org.springframework.jdbc.datasource.DataSourceTransactionManager">
        <property name="dataSource" ref="dataSource" />
    </bean>

    <bean id="dataSource"
        class="org.springframework.jdbc.datasource.DriverManagerDataSource">
        <property name="driverClassName"
            value="org.apache.derby.jdbc.ClientDriver" />
        <property name="url"
            value="jdbc:derby://localhost:1527/board;create=true" />
        <property name="username" value="app" />
        <property name="password" value="app" />
    </bean>

    <bean id="cacheManager"
        class="org.springframework.cache.ehcache.EhCacheManagerFactoryBean" />

    <bean id="messageBoardService"
        class="com.apress.springrecipes.board.service.MessageBoardServiceImpl">
        <property name="mutableAclService" ref="aclService" />
    </bean>
</beans>
