<beans xmlns="http://www.springframework.org/schema/beans"
    xmlns:xsi="http://www.w3.org/2001/XMLSchema-instance"
    xmlns:util="http://www.springframework.org/schema/util"
    xmlns:security="http://www.springframework.org/schema/security"
    xsi:schemaLocation="http://www.springframework.org/schema/beans
        http://www.springframework.org/schema/beans/spring-beans-2.5.xsd
        http://www.springframework.org/schema/util
        http://www.springframework.org/schema/util/spring-util-2.5.xsd
        http://www.springframework.org/schema/security
        http://www.springframework.org/schema/security/spring-security-2.0.1.xsd">

    <bean id="aclCache"
        class="org.springframework.security.acls.jdbc.EhCacheBasedAclCache">
        <constructor-arg ref="aclEhCache" />
    </bean>

    <bean id="aclEhCache"
        class="org.springframework.cache.ehcache.EhCacheFactoryBean">
        <property name="cacheManager" ref="cacheManager" />
        <property name="cacheName" value="aclCache" />
    </bean>

    <bean id="lookupStrategy"
        class="org.springframework.security.acls.jdbc.BasicLookupStrategy">
        <constructor-arg ref="dataSource" />
        <constructor-arg ref="aclCache" />
        <constructor-arg>
            <bean
                class="org.springframework.security.acls.domain.AclAuthorizationStrategyImpl">
                <constructor-arg>
                    <list>
                        <ref local="adminRole" />
                        <ref local="adminRole" />
                        <ref local="adminRole" />
                    </list>
                </constructor-arg>
            </bean>
        </constructor-arg>
        <constructor-arg>
            <bean
                class="org.springframework.security.acls.domain.ConsoleAuditLogger" />
        </constructor-arg>
    </bean>

    <bean id="adminRole"
        class="org.springframework.security.GrantedAuthorityImpl">
        <constructor-arg value="ROLE_ADMIN" />
    </bean>

    <bean id="aclService"
        class="org.springframework.security.acls.jdbc.JdbcMutableAclService">
        <constructor-arg ref="dataSource" />
        <constructor-arg ref="lookupStrategy" />
        <constructor-arg ref="aclCache" />
        <property name="identityQuery"
            value="values identity_val_local()" />
    </bean>

    <bean id="aclMessageDeleteVoter"
        class="org.springframework.security.vote.AclEntryVoter">
        <constructor-arg ref="aclService" />
        <constructor-arg value="ACL_MESSAGE_DELETE" />
        <constructor-arg>
            <list>
                <util:constant
                    static-field="org.springframework.security.acls.domain.BasePermission.ADMINISTRATION" />
                <util:constant
                    static-field="org.springframework.security.acls.domain.BasePermission.DELETE" />
            </list>
        </constructor-arg>
        <property name="processDomainObjectClass"
            value="com.apress.springrecipes.board.domain.Message" />
    </bean>

    <bean id="aclAccessDecisionManager"
        class="org.springframework.security.vote.AffirmativeBased">
        <property name="decisionVoters">
            <list>
                <bean
                    class="org.springframework.security.vote.RoleVoter" />
                <ref local="aclMessageDeleteVoter" />
            </list>
        </property>
    </bean>

    <bean id="afterAclRead"
        class="org.springframework.security.afterinvocation.AclEntryAfterInvocationProvider">
        <security:custom-after-invocation-provider />
        <constructor-arg ref="aclService" />
        <constructor-arg>
            <list>
                <util:constant
                    static-field="org.springframework.security.acls.domain.BasePermission.ADMINISTRATION" />
                <util:constant
                    static-field="org.springframework.security.acls.domain.BasePermission.READ" />
            </list>
        </constructor-arg>
    </bean>

    <bean id="afterAclCollectionRead"
        class="org.springframework.security.afterinvocation.AclEntryAfterInvocationCollectionFilteringProvider">
        <security:custom-after-invocation-provider />
        <constructor-arg ref="aclService" />
        <constructor-arg>
            <list>
                <util:constant
                    static-field="org.springframework.security.acls.domain.BasePermission.ADMINISTRATION" />
                <util:constant
                    static-field="org.springframework.security.acls.domain.BasePermission.READ" />
            </list>
        </constructor-arg>
    </bean>
</beans>
