<beans:beans xmlns="http://www.springframework.org/schema/security"
    xmlns:beans="http://www.springframework.org/schema/beans"
    xmlns:xsi="http://www.w3.org/2001/XMLSchema-instance"
    xsi:schemaLocation="http://www.springframework.org/schema/beans
        http://www.springframework.org/schema/beans/spring-beans-2.5.xsd
        http://www.springframework.org/schema/security
        http://www.springframework.org/schema/security/spring-security-2.0.1.xsd">

    <global-method-security secured-annotations="enabled"
        access-decision-manager-ref="aclAccessDecisionManager" />

    <http access-decision-manager-ref="accessDecisionManager">
        <intercept-url pattern="/messageList.htm*"
            access="ROLE_USER,ROLE_GUEST" />
        <intercept-url pattern="/messagePost.htm*" access="ROLE_USER" />
        <intercept-url pattern="/messageDelete.htm*"
            access="ROLE_ADMIN,IP_LOCAL_HOST" />

        <http-basic />
        <form-login login-page="/login.jsp"
            default-target-url="/messageList.htm"
            authentication-failure-url="/login.jsp?error=true" />
        <logout logout-success-url="/login.jsp" />
        <anonymous username="guest" granted-authority="ROLE_GUEST" />
        <remember-me />
    </http>

    <authentication-provider>
        <password-encoder hash="{sha}" />
        <ldap-user-service server-ref="ldapServer"
            user-search-filter="uid={0}" user-search-base="ou=people"
            group-search-filter="member={0}"
            group-search-base="ou=groups" cache-ref="userCache" />
    </authentication-provider>

    <ldap-server id="ldapServer"
        url="ldap://localhost:389/dc=springrecipes,dc=com"
        manager-dn="cn=Directory Manager" manager-password="ldap" />

    <beans:bean id="userCache"
        class="org.springframework.security.providers.dao.cache.EhCacheBasedUserCache">
        <beans:property name="cache" ref="userEhCache" />
    </beans:bean>

    <beans:bean id="userEhCache"
        class="org.springframework.cache.ehcache.EhCacheFactoryBean">
        <beans:property name="cacheManager" ref="cacheManager" />
        <beans:property name="cacheName" value="userCache" />
    </beans:bean>

    <beans:bean id="accessDecisionManager"
        class="org.springframework.security.vote.AffirmativeBased">
        <beans:property name="decisionVoters">
            <beans:list>
                <beans:bean
                    class="org.springframework.security.vote.RoleVoter" />
                <beans:bean
                    class="org.springframework.security.vote.AuthenticatedVoter" />
                <beans:bean
                    class="com.apress.springrecipes.board.security.IpAddressVoter" />
            </beans:list>
        </beans:property>
    </beans:bean>
</beans:beans>
