<beans xmlns="http://www.springframework.org/schema/beans"
    xmlns:xsi="http://www.w3.org/2001/XMLSchema-instance"
    xsi:schemaLocation="http://www.springframework.org/schema/beans
        http://www.springframework.org/schema/beans/spring-beans-2.5.xsd">

    <bean id="weatherService"
        class="com.apress.springrecipes.travel.weather.WeatherServiceImpl" />

    <bean id="flightService"
        class="com.apress.springrecipes.travel.flight.FlightServiceImpl" />

    <bean id="tourService"
        class="com.apress.springrecipes.travel.tour.TourServiceImpl">
        <property name="locations">
            <list>
                <value>France</value>
                <value>Switzerland</value>
                <value>New Zealand</value>
            </list>
        </property>
    </bean>
</beans>
