<portlet-app version="1.0"
    xmlns="http://java.sun.com/xml/ns/portlet/portlet-app_1_0.xsd"
    xmlns:xsi="http://www.w3.org/2001/XMLSchema-instance"
    xsi:schemaLocation="http://java.sun.com/xml/ns/portlet/portlet-app_1_0.xsd
        http://java.sun.com/xml/ns/portlet/portlet-app_1_0.xsd">

    <portlet>
        <portlet-name>weather</portlet-name>
        <portlet-class>
            org.springframework.web.portlet.DispatcherPortlet
        </portlet-class>
        <supports>
            <mime-type>text/html</mime-type>
            <portlet-mode>view</portlet-mode>
        </supports>
        <portlet-info>
            <title>Weather</title>
        </portlet-info>
    </portlet>

    <portlet>
        <portlet-name>flight</portlet-name>
        <portlet-class>
            org.springframework.web.portlet.DispatcherPortlet
        </portlet-class>
        <supports>
            <mime-type>text/html</mime-type>
            <portlet-mode>view</portlet-mode>
            <portlet-mode>edit</portlet-mode>
            <portlet-mode>help</portlet-mode>
        </supports>
        <portlet-info>
            <title>Flight</title>
        </portlet-info>
        <portlet-preferences>
            <preference>
                <name>timeZone</name>
                <value>GMT-08:00</value>
            </preference>
        </portlet-preferences>
    </portlet>

    <portlet>
        <portlet-name>tour</portlet-name>
        <portlet-class>
            org.springframework.web.portlet.DispatcherPortlet
        </portlet-class>
        <supports>
            <mime-type>text/html</mime-type>
            <portlet-mode>view</portlet-mode>
        </supports>
        <portlet-info>
            <title>Tour</title>
        </portlet-info>
    </portlet>
</portlet-app>
