<beans xmlns="http://www.springframework.org/schema/beans"
    xmlns:xsi="http://www.w3.org/2001/XMLSchema-instance"
    xsi:schemaLocation="http://www.springframework.org/schema/beans
        http://www.springframework.org/schema/beans/spring-beans-2.5.xsd">

    <bean id="client"
        class="com.apress.springrecipes.weather.WeatherServiceClient">
        <property name="weatherService" ref="weatherServiceProxy" />
    </bean>

    <bean id="weatherServiceProxy"
        class="com.apress.springrecipes.weather.WeatherServiceProxy">
        <property name="defaultUri"
            value="http://localhost:8080/weather/services" />
        <property name="marshaller" ref="marshaller" />
        <property name="unmarshaller" ref="marshaller" />
    </bean>

    <bean id="marshaller"
        class="org.springframework.oxm.castor.CastorMarshaller">
        <property name="mappingLocation" value="classpath:mapping.xml" />
    </bean>
</beans>
