<beans xmlns="http://www.springframework.org/schema/beans"
    xmlns:xsi="http://www.w3.org/2001/XMLSchema-instance"
    xsi:schemaLocation="http://www.springframework.org/schema/beans
        http://www.springframework.org/schema/beans/spring-beans-2.5.xsd">

    <bean id="client"
        class="com.apress.springrecipes.weather.WeatherServiceClient">
        <property name="weatherService" ref="weatherService" />
    </bean>

<!--
    <bean id="weatherService"
        class="org.springframework.remoting.rmi.RmiProxyFactoryBean">
        <property name="serviceUrl"
            value="rmi://localhost:1099/WeatherService" />
        <property name="serviceInterface"
            value="com.apress.springrecipes.weather.WeatherService" />
    </bean>

    <bean id="weatherService"
        class="org.springframework.remoting.caucho.HessianProxyFactoryBean">
        <property name="serviceUrl"
            value="http://localhost:8080/weather/services/WeatherService" />
        <property name="serviceInterface"
            value="com.apress.springrecipes.weather.WeatherService" />
    </bean>

    <bean id="weatherService"
        class="org.springframework.remoting.caucho.BurlapProxyFactoryBean">
        <property name="serviceUrl"
            value="http://localhost:8080/weather/services/WeatherService" />
        <property name="serviceInterface"
            value="com.apress.springrecipes.weather.WeatherService" />
    </bean>

    <bean id="weatherService"
        class="org.springframework.remoting.httpinvoker.HttpInvokerProxyFactoryBean">
        <property name="serviceUrl"
            value="http://localhost:8080/weather/services/WeatherService" />
        <property name="serviceInterface"
            value="com.apress.springrecipes.weather.WeatherService" />
    </bean>
-->

    <bean id="weatherService"
        class="org.codehaus.xfire.spring.remoting.XFireClientFactoryBean">
        <property name="wsdlDocumentUrl"
            value="http://localhost:8080/weather/services/WeatherService?wsdl" />
        <property name="serviceInterface"
            value="com.apress.springrecipes.weather.WeatherService" />
    </bean>
</beans>
