<ejb-jar>
    <enterprise-beans>
        <session>
            <display-name>PostageService</display-name>
            <ejb-name>PostageService</ejb-name>
            <home>com.apress.springrecipes.post.PostageServiceHome</home>
            <remote>com.apress.springrecipes.post.PostageServiceRemote</remote>
            <ejb-class>
                com.apress.springrecipes.post.PostageServiceBean
            </ejb-class>
            <session-type>Stateless</session-type>
            <transaction-type>Bean</transaction-type>
            <env-entry>
                <env-entry-name>ejb/BeanFactoryPath</env-entry-name>
                <env-entry-type>java.lang.String</env-entry-type>
                <env-entry-value>beans-ejb.xml</env-entry-value>
            </env-entry>
        </session>
    </enterprise-beans>
</ejb-jar>
